config,weight_type,activation_type,multiplier,avg_loss,accuracy,total_time,batch_size,total_batches,total_samples,samples_per_second,error
w8a8-8x8,Float8,Float8,float_multiplier,nan,9.59,3696.4578790664673,16,625,10000,2.705292560380934,
wb16ab16-8x8,BF16,BF16,float_multiplier,1.5101718571265486,97.46,6990.5663521289825,16,625,10000,1.430499260901013,
w8ab16-8x8,Float8,BF16,float_multiplier,1.5169549792829369,97.43,7083.499045133591,16,625,10000,1.4117316789743994,
w8a32-8x8-lmul,Float8,Float32,lmul_simple,nan,nan,0,64,0,0,0,Config not found: /Users/kaibreese/.hardware_accelerators/sim_cache/828aa49c61f5b03b/config.pkl
wb16ab16-8x8-lmul,BF16,BF16,lmul_simple,0.08935949255176635,97.42,2440.820196866989,64,157,10000,4.096983470079399,
w8ab16-8x8-lmul,Float8,BF16,lmul_simple,0.0963817737298118,97.41,2561.823173761368,64,157,10000,3.903470037441192,
